,HOURS_DATASCIENCE,HOURS_BACKEND,HOURS_FRONTEND,NUM_COURSES_BEGINNER_DATASCIENCE,NUM_COURSES_BEGINNER_BACKEND,NUM_COURSES_BEGINNER_FRONTEND,NUM_COURSES_ADVANCED_DATASCIENCE,NUM_COURSES_ADVANCED_BACKEND,NUM_COURSES_ADVANCED_FRONTEND,AVG_SCORE_DATASCIENCE,AVG_SCORE_BACKEND,AVG_SCORE_FRONTEND,target,NAME,USER_ID
0,84.0,30.0,0.0,4.0,6.0,3.0,3.0,7.0,6.0,51.0,74.0,37.0,advanced_backend,Melody Gentry,39064009
1,42.0,74.0,13.0,3.0,6.0,4.0,2.0,7.0,5.0,82.0,59.0,50.0,beginner_front_end,Lera Mitchel,26414743
2,18.0,76.0,38.0,5.0,2.0,8.0,8.0,3.0,8.0,77.0,53.0,50.0,advanced_backend,Dianne Ransdell,40811094
3,77.0,29.0,23.0,7.0,2.0,6.0,1.0,6.0,1.0,68.0,57.0,60.0,advanced_data_science,Michael Sellers,46199789
4,35.0,14.0,39.0,0.0,5.0,3.0,2.0,8.0,3.0,63.0,82.0,91.0,beginner_data_science,Evelyn Hilliard,95025845
5,29.0,32.0,58.0,4.0,3.0,2.0,1.0,2.0,5.0,60.0,63.0,77.0,beginner_data_science,Michael Hall,94689887
6,50.0,19.0,42.0,1.0,3.0,5.0,3.0,5.0,3.0,63.0,59.0,65.0,advanced_front_end,Ryan Payne,49183523
7,36.0,37.0,71.0,4.0,0.0,6.0,5.0,3.0,1.0,38.0,71.0,55.0,beginner_data_science,Ashley Lathan,8314320
8,40.0,17.0,66.0,2.0,2.0,7.0,2.0,6.0,4.0,64.0,50.0,48.0,advanced_front_end,Jonathan Daniels,85946492
9,56.0,14.0,35.0,4.0,3.0,2.0,0.0,4.0,1.0,81.0,63.0,81.0,advanced_data_science,Ricardo Gioia,38570924
10,53.0,66.0,2.0,7.0,4.0,4.0,5.0,5.0,2.0,60.0,46.0,71.0,advanced_data_science,Lea Adams,94879450
11,11.0,50.0,22.0,3.0,7.0,6.0,0.0,5.0,3.0,86.0,64.0,51.0,beginner_backend,Betsy Holleran,43833617
12,57.0,69.0,24.0,3.0,4.0,4.0,1.0,3.0,1.0,69.0,51.0,42.0,beginner_front_end,Ora Diaz,45859240
13,23.0,75.0,43.0,3.0,6.0,3.0,4.0,3.0,2.0,42.0,79.0,67.0,advanced_front_end,Timothy Brewer,24185612
14,22.0,23.0,44.0,5.0,5.0,6.0,3.0,0.0,3.0,54.0,66.0,75.0,beginner_data_science,Elroy Jordan,35770777
15,60.0,53.0,18.0,3.0,5.0,5.0,1.0,6.0,3.0,74.0,51.0,50.0,beginner_front_end,Richard Hamilton,22977481
16,17.0,48.0,45.0,2.0,6.0,3.0,3.0,5.0,3.0,57.0,76.0,51.0,advanced_front_end,Georgia Repinski,39082216
17,15.0,14.0,53.0,1.0,3.0,2.0,0.0,6.0,5.0,30.0,77.0,57.0,advanced_front_end,Roberto Marmolejo,12435062
18,83.0,10.0,26.0,1.0,4.0,4.0,1.0,4.0,2.0,54.0,58.0,59.0,beginner_front_end,Viola Smith,13717734
19,73.0,35.0,36.0,5.0,7.0,4.0,7.0,3.0,4.0,67.0,78.0,65.0,beginner_front_end,Barbara Nelson,28081673
20,54.0,48.0,67.0,6.0,3.0,7.0,3.0,2.0,1.0,63.0,64.0,74.0,advanced_data_science,Patsy Greer,7852603
21,30.0,26.0,85.0,1.0,1.0,4.0,7.0,5.0,1.0,46.0,74.0,48.0,beginner_data_science,Antwan Stangl,36763399
22,37.0,68.0,33.0,3.0,1.0,9.0,4.0,4.0,9.0,71.0,83.0,35.0,advanced_backend,Kimberly Washington,1370638
23,37.0,52.0,29.0,5.0,2.0,7.0,3.0,4.0,6.0,78.0,72.0,70.0,advanced_backend,John Casillas,28356188
24,55.0,67.0,54.0,2.0,2.0,3.0,5.0,6.0,5.0,46.0,63.0,74.0,advanced_backend,Jacqueline Brown,58312142
25,82.0,44.0,67.0,4.0,8.0,5.0,4.0,6.0,3.0,51.0,35.0,53.0,beginner_front_end,Chelsie Vanscyoc,72646677
26,73.0,22.0,0.0,5.0,1.0,3.0,5.0,2.0,3.0,83.0,67.0,71.0,advanced_backend,Sharla Robert,36984537
27,88.0,102.0,31.0,7.0,2.0,2.0,1.0,5.0,4.0,54.0,76.0,79.0,beginner_backend,Traci Anderson,99943822
28,71.0,40.0,40.0,5.0,6.0,4.0,5.0,7.0,2.0,45.0,72.0,58.0,advanced_data_science,Peggy Scales,43962046
29,0.0,60.0,31.0,3.0,2.0,5.0,8.0,2.0,3.0,63.0,75.0,74.0,advanced_backend,Cindy Murillo,67088967
30,27.0,53.0,7.0,6.0,4.0,7.0,6.0,0.0,3.0,79.0,71.0,43.0,advanced_backend,Joshua Beer,39510526
31,27.0,47.0,17.0,4.0,3.0,4.0,1.0,7.0,2.0,91.0,55.0,56.0,beginner_front_end,Karen Mandeville,34940930
32,0.0,70.0,43.0,7.0,4.0,11.0,3.0,4.0,10.0,74.0,58.0,69.0,advanced_backend,John Vermeesch,91413447
33,24.0,69.0,49.0,3.0,3.0,0.0,3.0,6.0,4.0,40.0,79.0,76.0,advanced_front_end,Stacie Glidden,34766536
34,19.0,49.0,25.0,6.0,6.0,3.0,4.0,3.0,4.0,80.0,86.0,73.0,beginner_backend,Steven Abramowitz,74699816
35,33.0,78.0,0.0,1.0,2.0,6.0,0.0,3.0,4.0,66.0,71.0,50.0,beginner_backend,Aaron Koller,31863091
36,32.0,61.0,3.0,2.0,4.0,4.0,2.0,5.0,1.0,85.0,64.0,63.0,beginner_backend,Sandra Cainne,57408831
37,20.0,50.0,17.0,1.0,1.0,2.0,4.0,4.0,4.0,67.0,81.0,72.0,beginner_backend,Mignon Byron,32294112
38,51.0,34.0,18.0,10.0,5.0,6.0,2.0,4.0,4.0,75.0,59.0,86.0,advanced_backend,Sandy Garcia,68947874
39,97.0,16.0,48.0,3.0,7.0,8.0,3.0,5.0,0.0,53.0,59.0,76.0,beginner_front_end,Sidney Darbonne,50912926
40,63.0,74.0,22.0,6.0,5.0,5.0,7.0,6.0,2.0,52.0,59.0,61.0,advanced_data_science,Corinne Brown,80625987
41,0.0,0.0,46.0,3.0,2.0,8.0,1.0,0.0,4.0,48.0,71.0,74.0,beginner_data_science,Barbara Tippetts,66382276
42,29.0,60.0,47.0,6.0,2.0,6.0,4.0,5.0,6.0,72.0,65.0,70.0,advanced_backend,Marco Hesson,76733759
43,72.0,68.0,50.0,3.0,4.0,1.0,8.0,9.0,3.0,62.0,22.0,51.0,advanced_data_science,Richard Fernandez,67631535
44,55.0,33.0,42.0,2.0,6.0,4.0,3.0,4.0,1.0,79.0,67.0,56.0,advanced_front_end,Jim Gray,15450426
45,32.0,43.0,30.0,1.0,4.0,1.0,0.0,7.0,5.0,73.0,35.0,46.0,beginner_front_end,Kyle Dunham,44875158
46,41.0,64.0,37.0,4.0,4.0,6.0,3.0,5.0,2.0,57.0,53.0,57.0,advanced_data_science,Ruby Nason,30851711
47,56.0,80.0,7.0,6.0,4.0,3.0,4.0,4.0,3.0,70.0,71.0,70.0,beginner_backend,Theresa Maggard,57067778
48,47.0,20.0,9.0,3.0,4.0,2.0,3.0,4.0,4.0,78.0,60.0,57.0,beginner_front_end,Dorothy Abel,95899953
49,24.0,32.0,36.0,2.0,1.0,3.0,0.0,6.0,5.0,37.0,68.0,54.0,advanced_front_end,Edna Marshall,61759632
50,84.0,0.0,31.0,4.0,6.0,7.0,4.0,6.0,1.0,61.0,54.0,76.0,beginner_front_end,Shirley Osborn,43756613
51,35.0,72.0,65.0,7.0,0.0,6.0,4.0,5.0,3.0,71.0,47.0,100.0,advanced_backend,Henry Garcia,57426144
52,63.0,72.0,47.0,3.0,2.0,3.0,4.0,3.0,5.0,77.0,75.0,59.0,advanced_backend,William Mendez,47355885
53,40.0,55.0,35.0,4.0,5.0,2.0,5.0,6.0,4.0,82.0,45.0,47.0,beginner_front_end,Herbert Wiggins,78519225
54,28.0,40.0,61.0,2.0,3.0,3.0,2.0,6.0,4.0,53.0,59.0,60.0,advanced_front_end,Sonia Atkins,14581398
55,33.0,27.0,27.0,1.0,5.0,7.0,3.0,4.0,2.0,57.0,69.0,79.0,beginner_data_science,David Schuler,75896623
56,40.0,42.0,12.0,4.0,2.0,6.0,2.0,5.0,3.0,58.0,62.0,72.0,advanced_data_science,Nathan Strickland,45076385
57,41.0,48.0,68.0,4.0,4.0,0.0,3.0,1.0,6.0,53.0,63.0,66.0,beginner_data_science,Eugene Wood,14132260
58,0.0,74.0,64.0,4.0,4.0,3.0,3.0,6.0,4.0,66.0,71.0,58.0,advanced_front_end,Sandra Burrell,50645917
59,24.0,42.0,11.0,6.0,6.0,5.0,7.0,2.0,4.0,65.0,63.0,64.0,advanced_backend,David Gordon,69294381
60,8.0,65.0,45.0,5.0,3.0,8.0,4.0,2.0,7.0,74.0,73.0,70.0,advanced_backend,Robin Bank,99628996
61,22.0,6.0,35.0,5.0,1.0,1.0,3.0,6.0,4.0,80.0,60.0,63.0,beginner_front_end,Bobby Mcbean,79185240
62,28.0,64.0,33.0,4.0,2.0,1.0,3.0,2.0,4.0,80.0,83.0,68.0,beginner_backend,Ramon Soto,56306253
63,62.0,73.0,36.0,4.0,4.0,2.0,4.0,5.0,3.0,73.0,85.0,68.0,beginner_backend,Donald Honeycutt,79022212
64,15.0,35.0,36.0,0.0,2.0,7.0,1.0,6.0,2.0,45.0,71.0,79.0,beginner_data_science,Stephen Allison,69707898
65,56.0,58.0,65.0,3.0,5.0,5.0,6.0,3.0,0.0,33.0,72.0,57.0,beginner_data_science,Lisa Hargrove,36905998
66,52.0,78.0,29.0,4.0,3.0,6.0,3.0,7.0,6.0,50.0,69.0,75.0,advanced_data_science,Larry Pridgen,87793494
67,34.0,32.0,64.0,3.0,4.0,2.0,7.0,3.0,6.0,71.0,81.0,81.0,beginner_backend,Leslie Cole,98533154
68,36.0,20.0,26.0,2.0,8.0,5.0,0.0,3.0,1.0,37.0,81.0,9.0,advanced_front_end,Don Buran,54607853
69,36.0,27.0,14.0,3.0,5.0,4.0,1.0,4.0,2.0,36.0,54.0,88.0,beginner_data_science,Robert Smith,43099982
70,0.0,1.0,30.0,1.0,1.0,6.0,5.0,4.0,2.0,82.0,70.0,62.0,beginner_data_science,Mary Kenney,14578553
71,33.0,32.0,64.0,3.0,4.0,5.0,2.0,5.0,2.0,87.0,60.0,56.0,advanced_front_end,Manuel Ivy,7587861
72,51.0,43.0,28.0,5.0,2.0,7.0,1.0,5.0,3.0,53.0,68.0,71.0,advanced_data_science,David Lewis,88097701
73,0.0,34.0,15.0,0.0,3.0,2.0,1.0,5.0,2.0,89.0,66.0,72.0,beginner_backend,Daniel Swann,62632492
74,71.0,16.0,12.0,0.0,5.0,4.0,3.0,5.0,2.0,64.0,49.0,60.0,beginner_front_end,Carol Mugleston,23843765
75,15.0,39.0,44.0,3.0,8.0,1.0,3.0,3.0,0.0,77.0,100.0,70.0,advanced_front_end,Irene Boggs,89531942
76,19.0,18.0,39.0,8.0,1.0,6.0,1.0,6.0,5.0,91.0,87.0,85.0,advanced_backend,Leslie Simmons,54275081
77,69.0,32.0,26.0,3.0,6.0,4.0,5.0,1.0,3.0,66.0,61.0,55.0,beginner_front_end,Shane Duncklee,9326187
78,42.0,55.0,48.0,3.0,1.0,3.0,3.0,5.0,1.0,71.0,74.0,78.0,beginner_backend,James Ragsdale,25680037
79,52.0,43.0,34.0,2.0,6.0,4.0,4.0,4.0,2.0,62.0,52.0,55.0,beginner_front_end,Edith King,80845092
80,47.0,55.0,30.0,3.0,4.0,3.0,2.0,4.0,3.0,75.0,48.0,42.0,beginner_front_end,Betsy Jackson,23238890
81,25.0,41.0,21.0,2.0,2.0,0.0,10.0,0.0,4.0,76.0,74.0,90.0,advanced_backend,Stanley Myers,71474248
82,72.0,63.0,38.0,4.0,1.0,4.0,5.0,7.0,6.0,62.0,43.0,84.0,advanced_data_science,Charles Reyes,26694264
83,52.0,33.0,61.0,3.0,3.0,6.0,1.0,2.0,3.0,45.0,87.0,81.0,beginner_data_science,Marianna Sconiers,51893538
84,1.0,37.0,20.0,0.0,0.0,4.0,3.0,3.0,3.0,81.0,86.0,74.0,beginner_backend,Abraham Collins,27657644
85,14.0,98.0,5.0,7.0,2.0,5.0,3.0,7.0,2.0,82.0,52.0,76.0,advanced_data_science,Jerry Soria,91195874
86,40.0,19.0,57.0,1.0,2.0,4.0,2.0,3.0,3.0,60.0,77.0,73.0,beginner_data_science,Brendon Lopez,17314324
87,65.0,11.0,22.0,2.0,3.0,4.0,0.0,3.0,0.0,56.0,46.0,61.0,beginner_front_end,Kenya Wright,51034935
88,24.0,25.0,84.0,6.0,1.0,7.0,1.0,2.0,3.0,67.0,89.0,71.0,beginner_data_science,Clyde Simmons,80166974
89,38.0,49.0,7.0,2.0,3.0,3.0,0.0,6.0,0.0,86.0,35.0,40.0,beginner_front_end,Frank Cooney,90564118
90,0.0,14.0,29.0,2.0,4.0,2.0,5.0,7.0,1.0,67.0,57.0,76.0,beginner_backend,Michael Leland,19681944
91,36.0,63.0,43.0,5.0,3.0,6.0,2.0,2.0,3.0,59.0,68.0,87.0,advanced_data_science,Calvin Garcia,13699003
92,19.0,53.0,69.0,3.0,2.0,4.0,2.0,7.0,3.0,50.0,64.0,50.0,advanced_front_end,Thad Fox,63222594
93,77.0,23.0,41.0,1.0,4.0,5.0,3.0,2.0,2.0,71.0,64.0,66.0,beginner_front_end,Ray Johnson,375303
94,97.0,0.0,33.0,3.0,3.0,5.0,6.0,4.0,4.0,51.0,43.0,69.0,beginner_front_end,Eddie Chapman,43491728
95,51.0,52.0,34.0,4.0,1.0,0.0,5.0,8.0,3.0,50.0,63.0,88.0,beginner_backend,James Ellis,2000781
96,47.0,64.0,35.0,3.0,6.0,0.0,3.0,4.0,2.0,34.0,84.0,60.0,advanced_front_end,David White,4946055
97,31.0,50.0,28.0,6.0,10.0,3.0,5.0,6.0,8.0,83.0,92.0,67.0,beginner_front_end,Benny Lesser,13219881
98,15.0,3.0,77.0,2.0,0.0,5.0,3.0,3.0,3.0,43.0,84.0,60.0,beginner_data_science,Timothy Munoz,46291975
99,29.0,28.0,26.0,3.0,4.0,4.0,4.0,4.0,2.0,50.0,58.0,76.0,beginner_data_science,Kathleen Kyle,96539078
100,45.0,1.0,58.0,2.0,5.0,4.0,6.0,7.0,3.0,64.0,60.0,77.0,beginner_front_end,Linda Graham,43218004
101,37.0,38.0,41.0,2.0,5.0,6.0,2.0,4.0,3.0,76.0,76.0,82.0,beginner_data_science,Kristy Haugh,61169196
102,32.0,108.0,0.0,6.0,3.0,5.0,7.0,6.0,4.0,59.0,58.0,73.0,advanced_data_science,Velma Holland,36472226
103,75.0,66.0,57.0,5.0,2.0,4.0,6.0,9.0,6.0,42.0,55.0,62.0,advanced_backend,Pauline Avila,13367009
104,10.0,58.0,14.0,3.0,2.0,0.0,0.0,2.0,5.0,93.0,58.0,78.0,beginner_backend,Ann Thorne,69253987
105,2.0,36.0,12.0,3.0,3.0,5.0,10.0,2.0,6.0,61.0,82.0,59.0,advanced_backend,Benjamin Anderson,35141414
106,6.0,5.0,0.0,9.0,6.0,5.0,4.0,1.0,5.0,90.0,83.0,79.0,advanced_backend,Pamela Haynesworth,42058234
107,36.0,3.0,12.0,0.0,7.0,4.0,1.0,6.0,2.0,78.0,64.0,86.0,beginner_front_end,Donna Lingo,69563939
108,31.0,32.0,31.0,3.0,3.0,3.0,3.0,3.0,4.0,55.0,63.0,77.0,beginner_data_science,Mary Farris,90119422
109,53.0,47.0,55.0,4.0,5.0,2.0,3.0,4.0,1.0,70.0,46.0,66.0,advanced_data_science,Victor Hopper,68020288
110,70.0,32.0,37.0,3.0,6.0,1.0,8.0,6.0,3.0,42.0,57.0,62.0,advanced_data_science,Shirley Tran,11755135
111,49.0,69.0,11.0,5.0,3.0,4.0,5.0,8.0,4.0,58.0,68.0,71.0,advanced_data_science,Myrtle Burke,82701039
112,30.0,33.0,55.0,4.0,0.0,4.0,5.0,5.0,7.0,87.0,84.0,88.0,advanced_backend,Erich Stallings,43419710
113,35.0,69.0,66.0,4.0,3.0,3.0,5.0,5.0,5.0,72.0,69.0,76.0,advanced_front_end,Etta Sharp,61299102
114,33.0,25.0,55.0,4.0,4.0,6.0,2.0,5.0,4.0,65.0,57.0,39.0,advanced_front_end,Amber Higgins,76136001
115,24.0,44.0,2.0,3.0,2.0,3.0,5.0,5.0,3.0,71.0,63.0,65.0,beginner_backend,Vernita Boyd,53869391
116,39.0,28.0,53.0,1.0,5.0,1.0,4.0,4.0,5.0,49.0,69.0,83.0,advanced_front_end,Jennifer Corey,33137228
117,13.0,64.0,55.0,2.0,6.0,6.0,5.0,6.0,3.0,63.0,61.0,33.0,advanced_front_end,Carol Walker,92906334
118,65.0,52.0,52.0,2.0,5.0,4.0,6.0,5.0,2.0,67.0,72.0,67.0,beginner_data_science,Christa Parker,37126702
119,39.0,46.0,29.0,5.0,7.0,4.0,4.0,5.0,4.0,58.0,85.0,58.0,advanced_front_end,Annie Edwards,21509467
120,74.0,16.0,7.0,4.0,4.0,5.0,2.0,4.0,5.0,65.0,48.0,56.0,beginner_front_end,Gordon Riddle,95392337
121,47.0,46.0,3.0,6.0,1.0,7.0,4.0,8.0,4.0,49.0,50.0,49.0,advanced_data_science,Erin Montgomery,58628153
122,30.0,43.0,78.0,4.0,0.0,9.0,6.0,1.0,1.0,47.0,90.0,53.0,beginner_data_science,Ruth Osborn,82225045
123,46.0,51.0,28.0,4.0,5.0,4.0,2.0,10.0,0.0,70.0,45.0,63.0,beginner_backend,Ruby Stewart,78821795
124,53.0,49.0,31.0,7.0,2.0,7.0,2.0,7.0,2.0,58.0,72.0,54.0,advanced_data_science,Dolores Colon,62991784
125,13.0,102.0,66.0,5.0,4.0,6.0,5.0,3.0,2.0,56.0,51.0,55.0,advanced_backend,Joseph Roberts,76543941
126,30.0,40.0,74.0,2.0,5.0,3.0,4.0,5.0,2.0,76.0,45.0,73.0,advanced_front_end,Nancy Fredricks,34264419
127,70.0,28.0,46.0,2.0,7.0,6.0,5.0,3.0,1.0,54.0,57.0,68.0,beginner_front_end,Erica Chavez,98382925
128,35.0,36.0,53.0,5.0,1.0,2.0,5.0,6.0,4.0,71.0,77.0,100.0,advanced_backend,Marilyn Nitti,55608063
129,10.0,21.0,53.0,3.0,3.0,3.0,6.0,6.0,1.0,82.0,93.0,84.0,beginner_backend,Paul Wood,83536986
130,65.0,40.0,58.0,4.0,2.0,6.0,1.0,4.0,2.0,67.0,67.0,68.0,advanced_data_science,Latonya Shelton,32970131
131,14.0,59.0,37.0,6.0,4.0,7.0,4.0,4.0,4.0,68.0,69.0,57.0,advanced_backend,Gary Kitterman,98705796
132,35.0,41.0,0.0,4.0,4.0,1.0,3.0,0.0,4.0,86.0,71.0,52.0,beginner_front_end,Lora Florez,81200088
133,40.0,59.0,42.0,3.0,7.0,0.0,5.0,0.0,4.0,71.0,73.0,41.0,beginner_front_end,Helen Burch,87296741
134,63.0,57.0,56.0,5.0,3.0,1.0,4.0,3.0,5.0,58.0,65.0,72.0,beginner_data_science,Alfred Porter,75732528
135,35.0,52.0,20.0,3.0,4.0,2.0,0.0,8.0,0.0,90.0,45.0,57.0,beginner_backend,Ericka Mesa,16528798
136,21.0,33.0,33.0,4.0,5.0,2.0,3.0,6.0,4.0,85.0,73.0,61.0,beginner_front_end,Jennifer Jamieson,81559828
137,48.0,34.0,57.0,2.0,5.0,0.0,4.0,6.0,3.0,67.0,77.0,55.0,beginner_front_end,Tasha Kruse,2347039
138,74.0,2.0,14.0,2.0,5.0,4.0,3.0,5.0,4.0,67.0,40.0,61.0,beginner_front_end,Ashley Slade,83185071
139,70.0,35.0,37.0,7.0,3.0,4.0,3.0,2.0,0.0,66.0,46.0,73.0,advanced_data_science,Eric Dilworth,68186849
140,1.0,19.0,27.0,0.0,3.0,5.0,4.0,4.0,2.0,77.0,53.0,55.0,beginner_backend,Ronnie Poeppelman,6153244
141,68.0,46.0,50.0,1.0,5.0,7.0,4.0,4.0,1.0,70.0,97.0,78.0,beginner_data_science,Colleen Baldridge,40021413
142,0.0,47.0,2.0,4.0,6.0,5.0,7.0,0.0,6.0,70.0,88.0,63.0,advanced_backend,Julia Woodward,95947401
143,30.0,29.0,39.0,5.0,4.0,1.0,4.0,1.0,3.0,52.0,58.0,71.0,beginner_data_science,Christina Crouch,77427539
144,29.0,45.0,27.0,6.0,3.0,7.0,1.0,3.0,4.0,60.0,74.0,96.0,advanced_data_science,Priscilla Barrett,98058186
145,23.0,21.0,0.0,5.0,3.0,4.0,0.0,4.0,1.0,70.0,54.0,67.0,advanced_data_science,Christopher Hernandez,23220145
146,79.0,81.0,44.0,3.0,0.0,3.0,7.0,5.0,0.0,72.0,88.0,81.0,beginner_backend,Yolanda Fletcher,14402228
147,0.0,18.0,21.0,3.0,7.0,5.0,2.0,6.0,4.0,80.0,64.0,51.0,beginner_backend,Barbara Williams,83930976
148,49.0,37.0,72.0,2.0,4.0,2.0,4.0,5.0,1.0,75.0,66.0,71.0,advanced_front_end,April Acker,69304325
149,49.0,87.0,27.0,6.0,3.0,5.0,4.0,5.0,4.0,68.0,31.0,76.0,advanced_data_science,Gary Clark,15769733
150,30.0,45.0,29.0,6.0,4.0,1.0,0.0,3.0,1.0,75.0,66.0,54.0,beginner_front_end,Hector Jones,44128220
151,62.0,39.0,50.0,0.0,6.0,3.0,1.0,5.0,3.0,57.0,34.0,47.0,beginner_front_end,George Carroll,63798189
152,36.0,79.0,46.0,0.0,1.0,1.0,7.0,0.0,3.0,70.0,81.0,76.0,advanced_backend,Sharon Zanola,37538108
153,13.0,39.0,35.0,3.0,4.0,4.0,1.0,5.0,4.0,66.0,70.0,66.0,beginner_backend,Renee Hood,60730176
154,27.0,36.0,44.0,4.0,5.0,8.0,0.0,3.0,4.0,74.0,84.0,88.0,beginner_data_science,Randy Spitzer,82151286
155,0.0,66.0,67.0,3.0,5.0,0.0,3.0,5.0,3.0,66.0,70.0,77.0,advanced_front_end,Ronnie Bowen,47990092
156,42.0,68.0,37.0,5.0,2.0,6.0,6.0,1.0,5.0,76.0,58.0,64.0,advanced_backend,Clarence Freeman,51872827
157,70.0,85.0,47.0,1.0,0.0,1.0,3.0,2.0,5.0,64.0,87.0,72.0,beginner_backend,Darrell Torres,85500867
158,10.0,23.0,41.0,4.0,1.0,7.0,6.0,3.0,2.0,61.0,68.0,57.0,beginner_data_science,Carla Eberhardt,94137960
159,12.0,41.0,18.0,7.0,2.0,4.0,0.0,0.0,6.0,53.0,59.0,88.0,beginner_data_science,Wanda Barks,9597705
160,15.0,48.0,51.0,9.0,4.0,9.0,2.0,5.0,7.0,79.0,62.0,82.0,advanced_backend,Anthony Olney,49065020
161,51.0,44.0,16.0,5.0,3.0,2.0,5.0,1.0,1.0,72.0,73.0,77.0,advanced_backend,Steven Gutierrez,1942378
162,52.0,51.0,6.0,2.0,4.0,3.0,5.0,1.0,5.0,65.0,83.0,58.0,advanced_backend,Kristina Marceau,15891305
163,36.0,0.0,66.0,1.0,0.0,3.0,0.0,6.0,3.0,60.0,65.0,67.0,advanced_front_end,Lisa Perrigan,47530129
164,12.0,32.0,25.0,1.0,7.0,7.0,2.0,5.0,3.0,84.0,65.0,50.0,beginner_backend,Charles Grundy,21368734
165,59.0,23.0,44.0,2.0,6.0,6.0,3.0,4.0,1.0,60.0,55.0,67.0,beginner_front_end,Luz Smith,74229442
166,36.0,66.0,26.0,6.0,4.0,4.0,3.0,4.0,2.0,71.0,48.0,75.0,advanced_data_science,Alex Scroggins,80074469
167,16.0,38.0,33.0,7.0,4.0,3.0,7.0,2.0,4.0,75.0,77.0,79.0,advanced_backend,Chris Sanders,6320478
168,21.0,63.0,32.0,4.0,4.0,3.0,8.0,1.0,5.0,66.0,56.0,92.0,advanced_backend,Kathryn Ray,42074668
169,24.0,18.0,39.0,2.0,5.0,2.0,2.0,4.0,4.0,54.0,59.0,78.0,beginner_data_science,Forrest Applebaum,98466378
170,58.0,36.0,55.0,2.0,5.0,4.0,3.0,6.0,4.0,66.0,38.0,51.0,beginner_front_end,Craig Styer,82030223
171,57.0,75.0,48.0,7.0,8.0,5.0,2.0,3.0,0.0,56.0,69.0,6.0,advanced_front_end,James Sonoski,20891305
172,54.0,76.0,28.0,5.0,2.0,2.0,5.0,5.0,4.0,53.0,81.0,83.0,beginner_backend,Phyllis Reams,58149683
173,45.0,43.0,50.0,2.0,2.0,4.0,2.0,5.0,3.0,60.0,54.0,66.0,advanced_data_science,Kevin Pino,77546088
174,0.0,13.0,30.0,1.0,7.0,5.0,5.0,7.0,1.0,98.0,76.0,74.0,beginner_backend,Laura Duncan,32667989
175,2.0,63.0,37.0,3.0,7.0,1.0,3.0,5.0,3.0,53.0,85.0,65.0,advanced_front_end,Monica Arnett,58513989
176,62.0,50.0,35.0,4.0,9.0,5.0,5.0,4.0,2.0,66.0,71.0,46.0,advanced_front_end,Deloris Tester,61063562
177,50.0,68.0,26.0,6.0,2.0,6.0,5.0,7.0,2.0,56.0,47.0,46.0,advanced_data_science,Iva Zuniga,42704433
178,46.0,35.0,32.0,2.0,4.0,2.0,4.0,4.0,3.0,54.0,62.0,78.0,beginner_data_science,Aimee Hogue,7412968
179,32.0,60.0,13.0,4.0,4.0,3.0,3.0,5.0,1.0,76.0,60.0,69.0,beginner_backend,Larry Ortega,38893557
180,16.0,57.0,39.0,3.0,7.0,3.0,5.0,5.0,5.0,54.0,86.0,66.0,advanced_front_end,Glenn Williams,57340785
181,27.0,38.0,37.0,2.0,6.0,5.0,6.0,5.0,2.0,80.0,79.0,71.0,beginner_backend,Doreen Jarrell,25982412
182,20.0,99.0,71.0,6.0,8.0,3.0,4.0,3.0,0.0,93.0,60.0,43.0,advanced_front_end,Parker Wagner,10531712
183,82.0,25.0,20.0,4.0,10.0,4.0,5.0,3.0,1.0,82.0,71.0,66.0,beginner_front_end,Gail Francis,31455559
184,35.0,20.0,40.0,4.0,0.0,5.0,3.0,5.0,9.0,100.0,100.0,76.0,advanced_backend,Samantha Patel,83313766
185,51.0,39.0,31.0,2.0,1.0,0.0,9.0,1.0,3.0,76.0,76.0,100.0,advanced_backend,Maria Shaw,22589182
186,31.0,49.0,26.0,3.0,4.0,2.0,3.0,7.0,1.0,62.0,50.0,46.0,advanced_data_science,Doug Pina,25102557
187,23.0,5.0,22.0,1.0,2.0,1.0,3.0,6.0,4.0,76.0,62.0,80.0,beginner_data_science,Joseph Mckee,81580862
188,31.0,31.0,55.0,1.0,6.0,2.0,1.0,4.0,0.0,55.0,68.0,43.0,advanced_front_end,Eva Murdock,58348048
189,24.0,45.0,8.0,1.0,2.0,1.0,0.0,8.0,2.0,93.0,48.0,45.0,beginner_front_end,Carol Manning,28134684
190,20.0,51.0,23.0,4.0,1.0,6.0,2.0,4.0,6.0,52.0,52.0,81.0,advanced_data_science,Catherine Mckenna,94003337
191,48.0,51.0,33.0,2.0,2.0,4.0,4.0,4.0,7.0,54.0,71.0,66.0,beginner_backend,Kristen Brown,77391468
192,44.0,53.0,30.0,7.0,2.0,9.0,1.0,2.0,4.0,58.0,80.0,98.0,advanced_data_science,Julie Sheldon,23407596
193,62.0,12.0,11.0,7.0,3.0,8.0,0.0,4.0,2.0,35.0,84.0,61.0,advanced_data_science,Amy Scudder,66737140
194,1.0,52.0,33.0,3.0,5.0,4.0,4.0,6.0,6.0,66.0,87.0,70.0,advanced_front_end,Jeremy Buckley,30154725
195,55.0,55.0,46.0,4.0,8.0,2.0,4.0,4.0,4.0,65.0,61.0,52.0,beginner_front_end,Clara Hensley,27915652
196,14.0,0.0,53.0,0.0,3.0,5.0,3.0,6.0,2.0,65.0,36.0,66.0,advanced_front_end,Mary Dempsey,62652
197,61.0,26.0,42.0,0.0,3.0,0.0,3.0,7.0,3.0,65.0,31.0,46.0,beginner_front_end,Robert Moore,15564131
198,0.0,35.0,54.0,0.0,4.0,6.0,4.0,6.0,3.0,74.0,67.0,54.0,advanced_front_end,Bernice Velasquez,4113472
199,19.0,99.0,63.0,3.0,3.0,0.0,6.0,6.0,4.0,56.0,64.0,91.0,advanced_front_end,Joseph Gordon,10439641
200,22.0,51.0,36.0,5.0,4.0,6.0,4.0,2.0,6.0,79.0,79.0,74.0,advanced_backend,Orlando Mott,50828093
201,32.0,62.0,55.0,5.0,4.0,5.0,0.0,0.0,5.0,39.0,71.0,81.0,beginner_data_science,Cleo Brewer,13489947
202,41.0,49.0,35.0,6.0,6.0,4.0,6.0,6.0,1.0,65.0,59.0,70.0,advanced_data_science,James Crawford,9249722
203,35.0,59.0,56.0,1.0,1.0,4.0,6.0,7.0,8.0,56.0,79.0,80.0,advanced_backend,Margaret Brawner,96000500
204,54.0,51.0,81.0,5.0,3.0,0.0,1.0,0.0,6.0,48.0,61.0,71.0,beginner_data_science,Richard Neufeld,96310268
205,53.0,51.0,43.0,3.0,7.0,5.0,4.0,4.0,3.0,60.0,76.0,43.0,advanced_front_end,Rosie Harris,75771101
206,45.0,30.0,61.0,6.0,5.0,0.0,0.0,1.0,6.0,70.0,61.0,79.0,beginner_data_science,Terrance Smith,45108059
207,6.0,49.0,56.0,2.0,6.0,0.0,1.0,3.0,3.0,38.0,72.0,77.0,advanced_front_end,April Boring,82614014
208,19.0,42.0,22.0,6.0,1.0,2.0,8.0,1.0,2.0,79.0,62.0,98.0,advanced_backend,Gordon Strand,9103240
209,78.0,44.0,32.0,3.0,7.0,1.0,3.0,4.0,2.0,42.0,88.0,55.0,advanced_front_end,Sabrina Hannah,96798150
210,30.0,98.0,45.0,3.0,3.0,5.0,5.0,6.0,4.0,62.0,40.0,77.0,advanced_data_science,Charles Garcia,36472758
211,0.0,63.0,24.0,6.0,4.0,9.0,4.0,2.0,5.0,74.0,72.0,54.0,advanced_backend,Brittney Whipps,90517577
212,31.0,77.0,21.0,4.0,4.0,7.0,2.0,2.0,4.0,71.0,99.0,64.0,beginner_backend,Janell Ortega,23248212
213,29.0,27.0,0.0,2.0,2.0,0.0,0.0,4.0,3.0,83.0,69.0,50.0,beginner_front_end,Penny Fries,25221982
214,49.0,45.0,0.0,4.0,3.0,2.0,0.0,8.0,6.0,87.0,49.0,43.0,beginner_front_end,Virginia Mcpeake,84374007
215,45.0,24.0,43.0,2.0,4.0,5.0,2.0,8.0,1.0,76.0,45.0,66.0,beginner_front_end,Sandra Holdman,16357338
216,0.0,14.0,29.0,2.0,5.0,2.0,3.0,5.0,4.0,82.0,69.0,79.0,beginner_backend,Charles Whittingham,15152177
217,47.0,55.0,22.0,8.0,1.0,8.0,2.0,3.0,4.0,64.0,75.0,96.0,advanced_data_science,James Stephens,86227169
218,62.0,77.0,62.0,7.0,7.0,3.0,0.0,3.0,4.0,65.0,66.0,85.0,beginner_data_science,William Reed,33043273
219,41.0,48.0,0.0,6.0,2.0,8.0,1.0,5.0,3.0,59.0,73.0,80.0,advanced_data_science,Amy Wiley,61289146
220,54.0,66.0,10.0,2.0,0.0,3.0,7.0,2.0,6.0,61.0,73.0,75.0,beginner_backend,Marilu Meza,5505642
221,32.0,0.0,28.0,0.0,4.0,8.0,1.0,7.0,1.0,57.0,81.0,84.0,beginner_data_science,Chadwick Burton,59977121
222,78.0,84.0,32.0,5.0,0.0,0.0,0.0,6.0,3.0,53.0,59.0,70.0,beginner_backend,Steven Robinson,2394579
223,28.0,34.0,54.0,3.0,4.0,0.0,0.0,5.0,4.0,45.0,79.0,67.0,advanced_front_end,Randal Cantrell,86224586
224,32.0,68.0,34.0,3.0,6.0,3.0,4.0,4.0,3.0,62.0,85.0,62.0,advanced_front_end,Jennifer Fox,45806895
225,43.0,34.0,27.0,2.0,7.0,3.0,3.0,5.0,3.0,77.0,63.0,56.0,beginner_front_end,Jamie Brown,29816981
226,19.0,45.0,36.0,9.0,4.0,7.0,3.0,5.0,5.0,76.0,61.0,82.0,advanced_backend,Stephen Howard,66401165
227,26.0,15.0,43.0,3.0,2.0,8.0,4.0,4.0,2.0,95.0,90.0,64.0,beginner_data_science,Loretta Ross,78433644
228,88.0,24.0,52.0,3.0,7.0,5.0,4.0,4.0,1.0,50.0,56.0,61.0,beginner_front_end,John Mcfadden,92453575
229,45.0,37.0,20.0,5.0,2.0,5.0,2.0,3.0,2.0,60.0,49.0,68.0,advanced_data_science,Keith Parker,33562601
230,37.0,84.0,7.0,5.0,3.0,4.0,1.0,5.0,1.0,63.0,76.0,64.0,beginner_backend,Bruce Hudson,14135712
231,66.0,18.0,47.0,3.0,7.0,6.0,3.0,5.0,2.0,60.0,55.0,64.0,beginner_front_end,Emily Herrmann,371025
232,58.0,58.0,6.0,9.0,2.0,7.0,5.0,5.0,3.0,52.0,77.0,79.0,advanced_data_science,David Propps,36126522
233,36.0,56.0,51.0,5.0,1.0,7.0,5.0,4.0,7.0,83.0,75.0,60.0,advanced_backend,Louis Crabtree,96379560
234,50.0,46.0,35.0,6.0,6.0,3.0,1.0,3.0,5.0,40.0,96.0,38.0,advanced_front_end,Joleen Gingerich,33849016
235,19.0,41.0,50.0,3.0,3.0,3.0,2.0,7.0,4.0,49.0,78.0,56.0,advanced_front_end,Timothy Pry,45890776
236,56.0,95.0,46.0,7.0,2.0,8.0,3.0,8.0,3.0,64.0,68.0,76.0,advanced_data_science,Carlos Smith,21798440
237,70.0,41.0,2.0,5.0,8.0,6.0,3.0,2.0,4.0,68.0,75.0,63.0,beginner_front_end,Calvin Guido,46168980
238,2.0,8.0,24.0,3.0,3.0,9.0,0.0,2.0,3.0,58.0,61.0,83.0,beginner_data_science,Bradley Bennett,28619531
239,59.0,3.0,60.0,3.0,1.0,2.0,0.0,5.0,3.0,47.0,71.0,62.0,advanced_front_end,Michael Sutherland,22714883
240,65.0,25.0,50.0,2.0,6.0,3.0,4.0,5.0,2.0,54.0,60.0,58.0,advanced_front_end,Marian Johnson,50511868
241,53.0,41.0,8.0,6.0,3.0,4.0,4.0,6.0,1.0,53.0,59.0,60.0,advanced_data_science,Joann Thompson,33792768
242,0.0,44.0,16.0,1.0,7.0,5.0,1.0,5.0,1.0,100.0,89.0,72.0,beginner_backend,Kimberly Martin,2489063
243,0.0,74.0,64.0,4.0,4.0,2.0,4.0,7.0,5.0,62.0,79.0,75.0,advanced_front_end,Lawrence Terrell,14529032
244,68.0,78.0,2.0,3.0,0.0,2.0,4.0,1.0,3.0,63.0,42.0,43.0,beginner_backend,Teresa Harris,93170573
245,0.0,11.0,43.0,3.0,1.0,8.0,4.0,1.0,2.0,63.0,72.0,58.0,beginner_data_science,Eric Escarcega,82293383
246,56.0,77.0,32.0,5.0,4.0,6.0,6.0,5.0,4.0,42.0,59.0,74.0,advanced_data_science,Margaret Wehausen,73649930
247,52.0,38.0,48.0,4.0,6.0,5.0,6.0,6.0,4.0,64.0,75.0,85.0,advanced_front_end,Josefina Lewis,38814946
248,7.0,47.0,33.0,3.0,6.0,0.0,3.0,6.0,2.0,85.0,86.0,54.0,beginner_front_end,William Wade,48763286
249,28.0,39.0,22.0,6.0,5.0,6.0,6.0,2.0,7.0,78.0,70.0,67.0,advanced_backend,Maria Deslauriers,29214719
250,80.0,16.0,14.0,4.0,7.0,6.0,3.0,4.0,4.0,59.0,59.0,69.0,beginner_front_end,Marie Davidson,22745717
251,23.0,21.0,55.0,2.0,5.0,2.0,2.0,6.0,3.0,62.0,79.0,70.0,advanced_front_end,Laura Thomas,64449374
252,53.0,80.0,10.0,2.0,3.0,4.0,3.0,2.0,6.0,68.0,68.0,65.0,beginner_backend,Thomas Ford,17060870
253,55.0,79.0,42.0,5.0,4.0,5.0,4.0,5.0,4.0,61.0,48.0,73.0,advanced_data_science,Maggie Stenger,10045671
254,47.0,15.0,25.0,3.0,4.0,2.0,3.0,5.0,1.0,68.0,67.0,63.0,beginner_front_end,Lillian Pagan,28622977
255,36.0,69.0,26.0,3.0,8.0,0.0,3.0,5.0,3.0,23.0,90.0,57.0,advanced_front_end,James Prior,4249683
256,63.0,26.0,53.0,2.0,4.0,3.0,2.0,6.0,3.0,60.0,41.0,52.0,beginner_front_end,Jennifer Coplin,13342476
257,51.0,57.0,50.0,1.0,2.0,4.0,2.0,4.0,6.0,57.0,78.0,73.0,beginner_backend,Jacqueline Lavigne,25662507
258,26.0,58.0,34.0,5.0,1.0,5.0,7.0,4.0,5.0,64.0,63.0,75.0,advanced_backend,John Keisel,34820724
259,17.0,39.0,43.0,3.0,4.0,4.0,4.0,7.0,6.0,67.0,76.0,84.0,advanced_front_end,Patrick Lane,21353415
260,57.0,19.0,28.0,3.0,4.0,4.0,5.0,6.0,3.0,76.0,59.0,62.0,beginner_front_end,Ruth Pryor,19894391
261,51.0,56.0,60.0,5.0,4.0,3.0,6.0,7.0,0.0,69.0,66.0,77.0,beginner_backend,William Mccloskey,48263462
262,0.0,52.0,3.0,1.0,1.0,0.0,1.0,1.0,2.0,93.0,81.0,45.0,beginner_front_end,Lisa Brown,41477785
263,62.0,39.0,69.0,3.0,5.0,0.0,5.0,4.0,4.0,70.0,84.0,74.0,beginner_data_science,Michael Vue,19075793
264,26.0,55.0,14.0,4.0,4.0,3.0,4.0,6.0,1.0,87.0,83.0,73.0,beginner_backend,Sandra Grap,84830027
265,22.0,88.0,30.0,3.0,7.0,1.0,3.0,6.0,4.0,85.0,75.0,42.0,beginner_front_end,Pete Maxwell,49641544
266,26.0,66.0,32.0,4.0,3.0,2.0,2.0,1.0,6.0,70.0,85.0,79.0,beginner_backend,Brian Mckie,98247155
267,7.0,91.0,70.0,5.0,1.0,7.0,6.0,3.0,5.0,71.0,69.0,56.0,advanced_backend,Mary Voris,18328949
268,41.0,63.0,81.0,5.0,2.0,3.0,7.0,4.0,1.0,33.0,43.0,35.0,beginner_data_science,Tara Apple,63814770
269,18.0,49.0,59.0,3.0,4.0,5.0,3.0,6.0,3.0,61.0,75.0,45.0,advanced_front_end,Sabrina Blackman,33848164
270,65.0,10.0,35.0,4.0,7.0,5.0,3.0,5.0,3.0,60.0,68.0,72.0,beginner_front_end,David Griffin,11724454
271,12.0,17.0,44.0,1.0,2.0,5.0,3.0,4.0,1.0,75.0,54.0,54.0,beginner_backend,Nicholas Bridgman,86160071
272,87.0,15.0,20.0,1.0,8.0,4.0,6.0,1.0,3.0,49.0,63.0,64.0,beginner_front_end,Jeremy Sanders,12302058
273,46.0,37.0,62.0,3.0,3.0,8.0,4.0,4.0,2.0,65.0,98.0,79.0,beginner_data_science,Paul Eckhardt,62714733
274,9.0,48.0,14.0,1.0,3.0,3.0,3.0,3.0,3.0,85.0,80.0,64.0,beginner_backend,Glenn Wright,49231522
275,33.0,72.0,30.0,3.0,8.0,1.0,6.0,4.0,2.0,70.0,79.0,80.0,advanced_front_end,Robert Wolford,33104515
276,72.0,28.0,1.0,6.0,3.0,6.0,2.0,7.0,3.0,54.0,73.0,63.0,advanced_data_science,Janet Murphy,99374343
277,3.0,4.0,33.0,1.0,3.0,8.0,2.0,4.0,1.0,61.0,55.0,70.0,beginner_data_science,Ranae Pelton,23047816
278,48.0,62.0,55.0,6.0,3.0,1.0,3.0,9.0,0.0,65.0,64.0,86.0,beginner_backend,Myrtle Northup,10436030
279,63.0,52.0,67.0,4.0,5.0,4.0,2.0,2.0,2.0,85.0,59.0,51.0,advanced_front_end,Ronald Lipscomb,45993346
280,51.0,34.0,34.0,5.0,4.0,3.0,1.0,4.0,0.0,71.0,68.0,70.0,advanced_data_science,Myron Thompson,71303052
281,74.0,49.0,31.0,5.0,5.0,2.0,3.0,3.0,3.0,68.0,69.0,78.0,advanced_backend,Bill Gomez,73385313
282,8.0,46.0,43.0,8.0,4.0,12.0,0.0,3.0,9.0,84.0,76.0,94.0,advanced_backend,Tommy Gee,52754958
283,0.0,87.0,62.0,2.0,0.0,9.0,4.0,1.0,5.0,88.0,87.0,66.0,advanced_backend,Lauren Mills,1415282
284,36.0,42.0,12.0,4.0,4.0,4.0,7.0,2.0,7.0,70.0,76.0,70.0,advanced_backend,Theodore Ellis,96354854
285,13.0,58.0,45.0,7.0,1.0,9.0,5.0,2.0,8.0,84.0,61.0,84.0,advanced_backend,Traci Morales,41827708
286,16.0,58.0,0.0,5.0,4.0,4.0,3.0,7.0,1.0,63.0,62.0,65.0,advanced_data_science,Betty Wilson,40965625
287,116.0,12.0,39.0,2.0,10.0,5.0,6.0,3.0,3.0,36.0,49.0,66.0,beginner_front_end,Lara John,41069030
288,4.0,3.0,40.0,4.0,6.0,4.0,0.0,0.0,0.0,57.0,80.0,75.0,advanced_data_science,Michael George,73777333
289,30.0,69.0,35.0,4.0,4.0,2.0,3.0,5.0,0.0,77.0,38.0,67.0,advanced_data_science,Jerry Charles,1974535
290,63.0,48.0,46.0,0.0,5.0,3.0,3.0,8.0,1.0,59.0,63.0,79.0,beginner_data_science,Kandra Ferguson,45646425
291,0.0,81.0,57.0,2.0,2.0,4.0,9.0,1.0,7.0,66.0,80.0,80.0,advanced_backend,Josefine Mccoach,79276639
292,32.0,52.0,63.0,4.0,5.0,4.0,1.0,3.0,1.0,69.0,62.0,39.0,advanced_front_end,Ashley Jackson,28120518
293,56.0,37.0,44.0,1.0,3.0,1.0,4.0,5.0,2.0,56.0,53.0,52.0,beginner_front_end,Terrence Bayer,33330645
294,44.0,68.0,24.0,2.0,1.0,2.0,1.0,6.0,3.0,69.0,70.0,74.0,beginner_backend,Lindsey Williams,85957538
295,13.0,38.0,32.0,1.0,5.0,4.0,2.0,4.0,2.0,60.0,60.0,47.0,advanced_front_end,Doris Zabel,38221946
296,22.0,61.0,19.0,5.0,4.0,7.0,3.0,0.0,4.0,78.0,72.0,62.0,advanced_backend,Kathleen Bondy,16369142
297,14.0,8.0,45.0,2.0,1.0,6.0,5.0,2.0,2.0,61.0,68.0,55.0,beginner_data_science,Judy Hor,1782828
298,23.0,58.0,25.0,2.0,3.0,7.0,1.0,2.0,4.0,81.0,80.0,57.0,beginner_backend,Deangelo Pancoast,76245621
299,21.0,31.0,45.0,3.0,2.0,2.0,0.0,8.0,3.0,82.0,45.0,56.0,beginner_front_end,Ronald Bigham,60157912
300,71.0,54.0,3.0,6.0,7.0,5.0,3.0,6.0,6.0,77.0,56.0,47.0,beginner_front_end,Mary Scott,1841687
301,43.0,41.0,50.0,1.0,3.0,6.0,3.0,3.0,2.0,41.0,46.0,64.0,beginner_data_science,Jeanine Jamison,35041441
302,28.0,35.0,51.0,3.0,5.0,5.0,2.0,4.0,3.0,60.0,72.0,40.0,advanced_front_end,Dianne Smith,33187616
303,25.0,44.0,45.0,5.0,2.0,4.0,1.0,2.0,4.0,40.0,70.0,78.0,beginner_data_science,Addie Fortman,43444039
304,72.0,6.0,56.0,2.0,6.0,6.0,6.0,6.0,4.0,57.0,48.0,75.0,beginner_front_end,Ronald Stewart,95308560
305,87.0,98.0,37.0,6.0,1.0,2.0,4.0,7.0,0.0,52.0,78.0,80.0,beginner_backend,Richard Rider,42884310
306,38.0,57.0,44.0,6.0,5.0,5.0,2.0,7.0,2.0,77.0,56.0,58.0,beginner_front_end,Stewart Leach,62871062
307,18.0,33.0,46.0,4.0,4.0,3.0,2.0,6.0,3.0,70.0,60.0,70.0,beginner_backend,Jim Quintanilla,73696177
308,45.0,70.0,63.0,6.0,4.0,3.0,3.0,5.0,5.0,58.0,81.0,60.0,advanced_front_end,Charles Sands,29929474
309,49.0,70.0,16.0,5.0,3.0,4.0,4.0,6.0,3.0,67.0,61.0,80.0,advanced_data_science,Robert Lucas,12498526
310,49.0,50.0,64.0,3.0,3.0,4.0,4.0,4.0,5.0,58.0,40.0,78.0,advanced_data_science,Rosa Perez,44058032
311,62.0,62.0,53.0,4.0,2.0,5.0,3.0,6.0,5.0,65.0,43.0,83.0,advanced_data_science,Bobbie Lagrimas,82178961
312,25.0,65.0,5.0,3.0,3.0,2.0,2.0,6.0,3.0,66.0,72.0,76.0,beginner_backend,Stacie Sills,33537853
313,34.0,27.0,26.0,2.0,6.0,6.0,3.0,5.0,2.0,80.0,88.0,89.0,beginner_data_science,William Poteete,93996408
314,35.0,91.0,65.0,5.0,2.0,4.0,7.0,3.0,3.0,58.0,46.0,85.0,advanced_backend,Rhonda Rock,13199825
315,65.0,47.0,33.0,5.0,1.0,8.0,0.0,4.0,4.0,54.0,55.0,69.0,advanced_data_science,Marian Johnson,89541842
316,64.0,53.0,26.0,3.0,8.0,0.0,3.0,4.0,1.0,45.0,96.0,73.0,advanced_front_end,Merilyn Donahue,42064957
317,15.0,40.0,27.0,8.0,4.0,3.0,5.0,0.0,2.0,95.0,70.0,79.0,advanced_backend,Linda Berry,42621639
318,26.0,24.0,12.0,7.0,5.0,7.0,3.0,6.0,8.0,65.0,83.0,70.0,advanced_backend,Flora Hampton,54165927
319,12.0,26.0,12.0,2.0,5.0,2.0,4.0,6.0,3.0,57.0,63.0,87.0,beginner_data_science,Lucy Weisgerber,36296646
320,77.0,6.0,22.0,1.0,4.0,3.0,3.0,5.0,3.0,54.0,74.0,76.0,advanced_front_end,Karen Whitworth,34247181
321,35.0,39.0,17.0,5.0,2.0,6.0,5.0,1.0,6.0,80.0,75.0,84.0,advanced_backend,Elliot Mckay,81308683
322,46.0,44.0,55.0,4.0,0.0,0.0,9.0,6.0,2.0,54.0,84.0,97.0,beginner_backend,Mark Murguia,91331925
323,35.0,40.0,88.0,0.0,3.0,0.0,1.0,4.0,2.0,86.0,25.0,76.0,advanced_data_science,Gabriel Schlesser,31631958
324,38.0,48.0,79.0,4.0,3.0,8.0,1.0,3.0,4.0,50.0,90.0,74.0,beginner_data_science,Marina Sedlacek,4100585
325,67.0,35.0,0.0,2.0,6.0,2.0,3.0,4.0,5.0,67.0,66.0,56.0,beginner_front_end,Renee Peters,15829567
326,44.0,47.0,64.0,3.0,6.0,3.0,6.0,6.0,3.0,70.0,74.0,70.0,advanced_front_end,Betty Tollerud,34036987
327,20.0,46.0,45.0,4.0,6.0,6.0,3.0,4.0,2.0,84.0,84.0,64.0,beginner_backend,Frieda Matthews,85780443
328,48.0,81.0,14.0,5.0,2.0,1.0,4.0,3.0,3.0,71.0,76.0,74.0,beginner_backend,Bradley Koenig,12249648
329,41.0,45.0,80.0,3.0,2.0,6.0,2.0,2.0,3.0,40.0,58.0,58.0,beginner_data_science,Agustina Reed,64401548
330,11.0,45.0,26.0,2.0,2.0,3.0,6.0,1.0,3.0,85.0,83.0,69.0,advanced_backend,Veronica Warren,65249847
331,41.0,28.0,50.0,4.0,4.0,4.0,8.0,8.0,0.0,82.0,68.0,74.0,beginner_backend,Veronica Gonzales,48825054
332,13.0,86.0,31.0,5.0,5.0,0.0,4.0,6.0,3.0,97.0,74.0,42.0,beginner_front_end,Lewis Teichmann,52726929
333,69.0,70.0,51.0,3.0,8.0,2.0,4.0,3.0,3.0,43.0,72.0,85.0,beginner_data_science,Steven Sims,56615296
334,8.0,5.0,4.0,9.0,4.0,7.0,4.0,2.0,7.0,100.0,87.0,66.0,advanced_backend,Leslie Ferraro,99615687
335,34.0,39.0,65.0,3.0,6.0,1.0,4.0,3.0,1.0,69.0,66.0,80.0,advanced_front_end,Alice Sanders,88757223
336,17.0,39.0,33.0,3.0,2.0,1.0,3.0,4.0,6.0,62.0,76.0,88.0,beginner_backend,Bernard Krol,90995940
337,22.0,27.0,78.0,4.0,0.0,0.0,0.0,7.0,5.0,48.0,78.0,73.0,advanced_front_end,Shirley Gabel,25549655
338,36.0,78.0,56.0,3.0,2.0,4.0,7.0,4.0,5.0,58.0,66.0,65.0,advanced_backend,Bill Livingston,55958159
339,53.0,41.0,22.0,4.0,2.0,7.0,3.0,4.0,8.0,72.0,69.0,88.0,advanced_backend,Sheryl Williams,65407146
340,11.0,52.0,17.0,3.0,3.0,3.0,2.0,4.0,2.0,78.0,67.0,62.0,beginner_backend,Thomas Conway,16732773
341,16.0,46.0,27.0,0.0,3.0,5.0,4.0,2.0,4.0,100.0,95.0,64.0,beginner_backend,Natasha Tanner,84053166
342,45.0,61.0,23.0,3.0,2.0,4.0,3.0,2.0,6.0,66.0,78.0,65.0,beginner_backend,Lora Sholders,49270220
343,47.0,38.0,6.0,6.0,4.0,4.0,4.0,4.0,1.0,62.0,55.0,59.0,advanced_data_science,Amy Rodriquez,50997241
344,39.0,31.0,29.0,3.0,6.0,4.0,2.0,5.0,4.0,41.0,71.0,46.0,advanced_front_end,Michael Hansen,11902829
345,0.0,64.0,63.0,4.0,6.0,5.0,3.0,5.0,4.0,61.0,68.0,43.0,advanced_front_end,Lori Mcmorris,51388756
346,16.0,43.0,31.0,1.0,2.0,4.0,4.0,1.0,7.0,65.0,69.0,67.0,beginner_backend,Inez King,34848123
347,39.0,86.0,40.0,3.0,1.0,5.0,6.0,3.0,1.0,58.0,52.0,63.0,advanced_backend,Erica Richey,24225429
348,64.0,35.0,39.0,8.0,4.0,4.0,1.0,3.0,1.0,74.0,74.0,83.0,advanced_data_science,Terry Yamasaki,6507865
349,53.0,42.0,14.0,5.0,1.0,0.0,2.0,10.0,3.0,56.0,47.0,86.0,beginner_backend,Bruce Gubler,41035982
350,0.0,38.0,9.0,2.0,3.0,2.0,2.0,5.0,4.0,82.0,79.0,78.0,beginner_backend,Flora Hargrove,21311932
351,45.0,55.0,6.0,6.0,2.0,7.0,3.0,4.0,3.0,55.0,70.0,77.0,advanced_data_science,Norbert Rodriguez,89140414
352,49.0,20.0,27.0,6.0,3.0,4.0,5.0,4.0,5.0,76.0,65.0,67.0,beginner_front_end,Brenda Schubbe,75266946
353,15.0,28.0,38.0,4.0,4.0,0.0,2.0,8.0,5.0,88.0,56.0,55.0,beginner_front_end,Rhonda Cespedes,72264469
354,43.0,18.0,53.0,5.0,5.0,1.0,1.0,5.0,0.0,78.0,51.0,58.0,advanced_data_science,Peter Shelman,75031845
355,57.0,26.0,47.0,4.0,5.0,4.0,3.0,3.0,2.0,56.0,68.0,63.0,advanced_data_science,Helen Landis,21833524
356,16.0,56.0,45.0,4.0,8.0,1.0,2.0,5.0,3.0,33.0,85.0,40.0,advanced_front_end,Christopher Polizio,3388794
357,62.0,53.0,25.0,6.0,3.0,6.0,3.0,5.0,4.0,56.0,51.0,72.0,advanced_data_science,Beverly Gaunce,26364834
358,41.0,62.0,37.0,3.0,5.0,1.0,5.0,5.0,5.0,59.0,86.0,87.0,advanced_front_end,Doris Hambright,46845827
359,41.0,62.0,40.0,3.0,6.0,3.0,2.0,3.0,3.0,54.0,84.0,51.0,advanced_front_end,Andrew Luck,55412763
360,24.0,56.0,31.0,4.0,4.0,4.0,2.0,7.0,2.0,63.0,69.0,64.0,advanced_data_science,Omar Parker,51726354
361,6.0,57.0,19.0,2.0,3.0,0.0,2.0,5.0,2.0,90.0,83.0,55.0,beginner_front_end,Nicole Welch,97816673
362,0.0,33.0,59.0,1.0,3.0,1.0,3.0,7.0,3.0,56.0,62.0,80.0,advanced_front_end,Oscar Lapointe,91009203
363,22.0,39.0,47.0,3.0,5.0,6.0,4.0,5.0,0.0,78.0,63.0,60.0,beginner_backend,Connie Brase,98393080
364,0.0,60.0,55.0,3.0,6.0,3.0,3.0,6.0,3.0,49.0,72.0,41.0,advanced_front_end,Curtis Johnson,57365325
365,51.0,50.0,48.0,5.0,5.0,1.0,2.0,10.0,1.0,52.0,54.0,75.0,beginner_backend,Michael Ferguson,24016922
366,56.0,19.0,46.0,2.0,6.0,7.0,4.0,5.0,0.0,68.0,38.0,33.0,advanced_front_end,Juan Ward,78899436
367,11.0,7.0,24.0,7.0,3.0,4.0,6.0,6.0,8.0,88.0,83.0,84.0,advanced_backend,Gregory Torres,67351962
368,37.0,111.0,20.0,5.0,3.0,2.0,7.0,4.0,3.0,77.0,42.0,90.0,advanced_data_science,Robert Rhodes,49609438
369,66.0,0.0,60.0,4.0,2.0,4.0,2.0,1.0,3.0,52.0,51.0,66.0,advanced_data_science,Nina Martinez,90888338
370,11.0,36.0,61.0,5.0,3.0,4.0,5.0,3.0,3.0,51.0,76.0,64.0,beginner_data_science,Libby Dykes,50625490
371,46.0,34.0,41.0,2.0,4.0,3.0,4.0,7.0,3.0,74.0,40.0,54.0,beginner_front_end,James Novak,17801268
372,53.0,22.0,47.0,1.0,5.0,3.0,4.0,7.0,4.0,63.0,58.0,66.0,beginner_front_end,Carol Fong,20795795
373,8.0,58.0,7.0,1.0,2.0,0.0,0.0,6.0,3.0,96.0,56.0,37.0,beginner_front_end,Kenneth Marroguin,28325405
374,27.0,51.0,37.0,2.0,6.0,0.0,3.0,5.0,3.0,45.0,75.0,88.0,advanced_front_end,Virgil Manzanares,48622398
375,0.0,21.0,34.0,0.0,3.0,6.0,2.0,7.0,6.0,43.0,87.0,42.0,advanced_front_end,Penny Cush,27684
376,25.0,44.0,45.0,5.0,2.0,4.0,3.0,3.0,5.0,86.0,85.0,84.0,advanced_backend,Lisa Lindsey,84380600
377,57.0,43.0,27.0,6.0,2.0,3.0,4.0,4.0,2.0,67.0,60.0,92.0,advanced_data_science,Charles Machado,4830414
378,14.0,34.0,35.0,4.0,0.0,2.0,1.0,7.0,1.0,84.0,61.0,59.0,beginner_front_end,Noe Boe,86439051
379,0.0,89.0,52.0,4.0,3.0,5.0,7.0,0.0,0.0,61.0,66.0,69.0,advanced_backend,Lisa Coste,65162255
380,40.0,56.0,15.0,4.0,3.0,6.0,1.0,6.0,3.0,56.0,53.0,62.0,advanced_data_science,Pamela Simmons,15080831
381,59.0,25.0,45.0,3.0,3.0,3.0,2.0,6.0,5.0,60.0,36.0,61.0,beginner_front_end,Gabriel Maldonado,34497598
382,70.0,47.0,31.0,4.0,3.0,2.0,6.0,8.0,3.0,61.0,50.0,64.0,advanced_data_science,Howard Arrington,25285584
383,16.0,27.0,38.0,3.0,3.0,2.0,1.0,2.0,6.0,58.0,67.0,80.0,beginner_data_science,Alice Wu,7747582
384,21.0,73.0,40.0,3.0,3.0,4.0,8.0,2.0,5.0,65.0,68.0,54.0,advanced_backend,Maria Welter,9992693
385,0.0,25.0,45.0,5.0,3.0,7.0,2.0,1.0,4.0,57.0,85.0,69.0,beginner_data_science,Tiffany Gaudin,8097106
386,0.0,36.0,42.0,1.0,5.0,3.0,2.0,6.0,4.0,44.0,74.0,54.0,advanced_front_end,Lynn Baker,27875474
387,35.0,88.0,31.0,5.0,3.0,3.0,6.0,6.0,3.0,71.0,42.0,79.0,advanced_data_science,Armando Miller,36066185
388,63.0,58.0,56.0,6.0,3.0,6.0,6.0,6.0,0.0,53.0,57.0,48.0,advanced_data_science,Michael Bledsoe,76396415
389,38.0,26.0,21.0,1.0,3.0,4.0,6.0,5.0,4.0,75.0,57.0,58.0,beginner_backend,Rusty Woods,30844548
390,25.0,0.0,26.0,0.0,4.0,4.0,1.0,7.0,4.0,46.0,64.0,63.0,advanced_front_end,Lee Deruyter,28073473
391,4.0,57.0,19.0,5.0,2.0,2.0,0.0,7.0,3.0,99.0,60.0,49.0,beginner_front_end,Ronald Larkins,6988313
392,51.0,45.0,15.0,4.0,8.0,1.0,6.0,4.0,4.0,79.0,94.0,60.0,beginner_front_end,Miranda Tarkington,46505711
393,69.0,51.0,30.0,2.0,8.0,2.0,7.0,4.0,1.0,77.0,65.0,82.0,advanced_front_end,Jacob Stenson,1466978
394,30.0,22.0,11.0,1.0,4.0,2.0,3.0,3.0,1.0,84.0,76.0,62.0,beginner_front_end,Lisa Fugate,48206061
395,0.0,38.0,38.0,4.0,1.0,0.0,2.0,9.0,5.0,96.0,55.0,47.0,beginner_front_end,Hector Schuetz,68302800
396,43.0,54.0,64.0,3.0,2.0,6.0,3.0,3.0,2.0,45.0,58.0,54.0,beginner_data_science,Willie Allen,91479308
397,66.0,44.0,43.0,1.0,5.0,2.0,4.0,5.0,3.0,48.0,73.0,80.0,advanced_front_end,Jody Wright,61278733
398,44.0,8.0,31.0,1.0,7.0,5.0,2.0,4.0,2.0,44.0,64.0,36.0,advanced_front_end,Angel Foskett,40700155
399,62.0,56.0,78.0,5.0,4.0,4.0,3.0,3.0,4.0,76.0,70.0,67.0,beginner_data_science,Russell Oberlin,30612580
400,9.0,59.0,53.0,1.0,4.0,5.0,4.0,5.0,2.0,75.0,55.0,52.0,advanced_front_end,Angela Haraway,8957774
401,49.0,59.0,30.0,7.0,2.0,6.0,3.0,4.0,3.0,66.0,66.0,80.0,advanced_data_science,Lewis Burke,55684398
402,23.0,28.0,83.0,3.0,1.0,3.0,1.0,7.0,3.0,66.0,53.0,63.0,advanced_front_end,James Dinger,70833431
403,30.0,52.0,9.0,3.0,2.0,5.0,6.0,4.0,1.0,78.0,77.0,61.0,beginner_backend,Mario Mcmahen,40873573
404,29.0,16.0,31.0,4.0,5.0,2.0,1.0,3.0,4.0,73.0,67.0,86.0,beginner_data_science,Theresa Harrison,51636578
405,8.0,23.0,50.0,5.0,4.0,4.0,4.0,2.0,3.0,56.0,72.0,68.0,beginner_data_science,Jan Butler,15082621
406,58.0,36.0,78.0,1.0,5.0,3.0,5.0,6.0,4.0,51.0,62.0,60.0,advanced_data_science,Olivia Mease,84396752
407,51.0,52.0,52.0,3.0,4.0,3.0,5.0,7.0,3.0,64.0,72.0,86.0,beginner_backend,Maria Villalvazo,71938036
408,21.0,0.0,38.0,1.0,2.0,3.0,5.0,6.0,1.0,60.0,82.0,81.0,beginner_data_science,Linda Woodard,73356026
409,0.0,56.0,41.0,0.0,3.0,1.0,2.0,6.0,6.0,45.0,89.0,82.0,advanced_front_end,Richard Raper,55186436
410,19.0,60.0,12.0,4.0,4.0,5.0,2.0,6.0,3.0,58.0,43.0,57.0,advanced_data_science,Lana Myers,9691059
411,23.0,73.0,38.0,5.0,3.0,11.0,1.0,1.0,8.0,84.0,71.0,58.0,advanced_backend,Arnold Overbaugh,11435450
412,28.0,48.0,56.0,5.0,3.0,3.0,3.0,2.0,5.0,72.0,74.0,70.0,beginner_data_science,Milton Mcginnis,55822144
413,47.0,60.0,45.0,2.0,5.0,2.0,1.0,5.0,2.0,66.0,45.0,39.0,beginner_front_end,Bryan Pimentel,32229659
414,40.0,38.0,30.0,2.0,2.0,4.0,4.0,4.0,3.0,74.0,57.0,53.0,beginner_backend,Tom Pennington,73685230
415,94.0,44.0,21.0,3.0,8.0,8.0,1.0,5.0,1.0,53.0,60.0,67.0,beginner_front_end,Lloyd Giorgio,22082416
416,77.0,17.0,22.0,1.0,10.0,8.0,3.0,7.0,3.0,65.0,55.0,71.0,beginner_front_end,Joshua Hartman,56359683
417,70.0,75.0,39.0,4.0,0.0,0.0,2.0,6.0,3.0,49.0,42.0,63.0,beginner_backend,Nicholle Topps,34102591
418,54.0,36.0,72.0,4.0,3.0,6.0,3.0,2.0,2.0,56.0,69.0,62.0,beginner_data_science,Sarah Gutierrez,41674398
419,32.0,73.0,50.0,5.0,1.0,11.0,2.0,2.0,8.0,85.0,74.0,55.0,advanced_backend,Chester Chavez,16768637
420,81.0,54.0,14.0,3.0,5.0,5.0,2.0,3.0,4.0,63.0,45.0,49.0,beginner_front_end,Joe Spence,54322909
421,40.0,30.0,68.0,2.0,1.0,10.0,3.0,4.0,1.0,65.0,100.0,75.0,beginner_data_science,Ola Williams,23220785
422,27.0,0.0,43.0,3.0,4.0,4.0,3.0,8.0,2.0,76.0,66.0,81.0,beginner_front_end,Joshua Cobb,66089693
423,50.0,33.0,1.0,6.0,8.0,3.0,2.0,0.0,4.0,73.0,81.0,73.0,advanced_backend,Brenda Clay,91475078
424,59.0,9.0,72.0,4.0,6.0,5.0,3.0,4.0,0.0,53.0,76.0,79.0,beginner_front_end,Joseph Sheldon,33807477
425,16.0,75.0,67.0,4.0,7.0,5.0,2.0,4.0,1.0,61.0,72.0,16.0,advanced_front_end,Stephen Neese,93780538
426,52.0,72.0,44.0,3.0,6.0,3.0,5.0,4.0,3.0,58.0,74.0,58.0,advanced_front_end,Frank Clark,23035014
427,81.0,9.0,47.0,2.0,7.0,7.0,3.0,3.0,0.0,44.0,46.0,70.0,beginner_front_end,Elizabeth Lloyd,38451396
428,34.0,60.0,23.0,3.0,4.0,1.0,3.0,8.0,1.0,71.0,61.0,62.0,beginner_backend,Ruby Jones,33399930
429,42.0,59.0,9.0,2.0,3.0,0.0,1.0,1.0,2.0,67.0,52.0,28.0,beginner_front_end,Olevia Munez,7301918
430,0.0,53.0,56.0,2.0,4.0,3.0,3.0,7.0,5.0,71.0,89.0,67.0,advanced_front_end,Leona Johnson,3407778
431,36.0,42.0,33.0,6.0,3.0,7.0,3.0,2.0,7.0,89.0,72.0,80.0,advanced_backend,Robert Herrera,59152202
432,34.0,45.0,76.0,3.0,2.0,5.0,0.0,4.0,3.0,73.0,54.0,71.0,advanced_data_science,John Mccormick,32715409
433,24.0,21.0,58.0,1.0,2.0,8.0,6.0,4.0,1.0,47.0,86.0,63.0,beginner_data_science,Cody Bazin,40920514
434,32.0,20.0,23.0,6.0,1.0,5.0,0.0,3.0,2.0,68.0,70.0,79.0,advanced_data_science,Barbara Bulger,42716025
435,23.0,74.0,1.0,7.0,2.0,7.0,0.0,3.0,3.0,66.0,53.0,77.0,advanced_data_science,Brain Lowe,32468093
436,46.0,65.0,14.0,8.0,3.0,5.0,6.0,4.0,1.0,59.0,49.0,78.0,advanced_data_science,Vivian Seyler,93735631
437,73.0,37.0,54.0,4.0,3.0,4.0,1.0,3.0,5.0,58.0,31.0,80.0,advanced_data_science,Janice Trammell,9413778
438,10.0,62.0,52.0,3.0,6.0,1.0,4.0,5.0,2.0,65.0,70.0,70.0,advanced_front_end,Robert Marsh,35946868
439,69.0,33.0,64.0,4.0,4.0,6.0,3.0,4.0,4.0,51.0,60.0,65.0,advanced_data_science,Walter Jodway,84271562
440,83.0,59.0,10.0,7.0,0.0,7.0,4.0,3.0,6.0,65.0,76.0,100.0,advanced_data_science,Mary Butler,69533915
441,39.0,20.0,46.0,2.0,4.0,7.0,2.0,3.0,2.0,51.0,76.0,85.0,beginner_data_science,Marc Gallagher,16459980
442,73.0,32.0,70.0,3.0,11.0,5.0,9.0,6.0,5.0,55.0,57.0,69.0,beginner_front_end,Karen Frey,88639853
443,80.0,37.0,34.0,3.0,9.0,4.0,4.0,3.0,2.0,54.0,69.0,58.0,beginner_front_end,Margaret Bender,85190758
444,29.0,50.0,17.0,3.0,3.0,3.0,1.0,4.0,2.0,76.0,47.0,46.0,beginner_front_end,Matthew Harbach,75934695
445,10.0,52.0,39.0,3.0,6.0,6.0,3.0,4.0,2.0,74.0,56.0,37.0,advanced_front_end,Mary Arnold,72991351
446,20.0,27.0,24.0,4.0,1.0,6.0,6.0,4.0,6.0,81.0,94.0,53.0,advanced_backend,Raymond Gloss,54857836
447,32.0,83.0,38.0,4.0,6.0,3.0,6.0,5.0,3.0,59.0,56.0,73.0,advanced_data_science,Erica Latimer,78973158
448,61.0,69.0,39.0,5.0,1.0,1.0,3.0,6.0,1.0,66.0,63.0,75.0,beginner_backend,Marilyn Perry,59694178
449,0.0,60.0,44.0,5.0,3.0,6.0,6.0,5.0,6.0,66.0,76.0,68.0,advanced_backend,Christopher Ellingson,16282049
450,0.0,30.0,52.0,5.0,1.0,11.0,0.0,0.0,5.0,44.0,69.0,77.0,beginner_data_science,Wesley Robinson,84186716
451,59.0,42.0,54.0,9.0,3.0,8.0,2.0,3.0,2.0,50.0,72.0,79.0,advanced_data_science,Danna Parrish,89727545
452,44.0,51.0,62.0,5.0,3.0,10.0,4.0,2.0,1.0,62.0,96.0,67.0,beginner_data_science,Gary Falkner,11223954
453,0.0,50.0,35.0,5.0,3.0,6.0,5.0,3.0,5.0,74.0,86.0,70.0,advanced_backend,Elaine Bagley,37706287
454,75.0,15.0,62.0,3.0,3.0,5.0,4.0,3.0,1.0,47.0,47.0,64.0,beginner_front_end,Piper Brown,92624107
455,53.0,71.0,28.0,2.0,8.0,4.0,0.0,4.0,4.0,31.0,42.0,100.0,beginner_data_science,Bridget Clark,2534745
456,56.0,76.0,25.0,6.0,3.0,5.0,5.0,4.0,3.0,52.0,64.0,63.0,beginner_backend,Justin Thrasher,21112702
457,35.0,68.0,52.0,3.0,6.0,0.0,2.0,3.0,2.0,47.0,89.0,74.0,advanced_front_end,Brent Ames,8053562
458,30.0,67.0,48.0,5.0,3.0,6.0,2.0,3.0,0.0,65.0,44.0,56.0,advanced_data_science,Jonathan Summers,69937239
459,41.0,68.0,17.0,4.0,3.0,2.0,3.0,4.0,1.0,86.0,65.0,58.0,beginner_backend,Becky Soto,58530282
460,35.0,35.0,43.0,4.0,5.0,3.0,3.0,1.0,2.0,57.0,57.0,75.0,beginner_data_science,Daniel Pittman,78891611
461,3.0,40.0,24.0,4.0,2.0,4.0,8.0,2.0,5.0,76.0,77.0,76.0,advanced_backend,Alberta Pope,56054557
462,38.0,61.0,52.0,5.0,5.0,2.0,4.0,4.0,4.0,60.0,79.0,67.0,advanced_front_end,Idella Wegman,66224888
463,82.0,36.0,32.0,2.0,11.0,6.0,5.0,5.0,1.0,54.0,82.0,72.0,beginner_front_end,Joyce Athan,47259186
464,30.0,27.0,56.0,2.0,3.0,8.0,3.0,4.0,2.0,66.0,100.0,82.0,beginner_data_science,Kathleen Stjohn,77604276
465,56.0,31.0,46.0,3.0,2.0,0.0,5.0,4.0,5.0,69.0,67.0,64.0,beginner_data_science,Barbara Slostad,44826409
466,40.0,71.0,33.0,2.0,5.0,3.0,5.0,8.0,3.0,55.0,58.0,65.0,advanced_data_science,Grace Litaker,82258999
467,0.0,39.0,38.0,5.0,4.0,7.0,1.0,0.0,5.0,62.0,58.0,72.0,beginner_data_science,Marjorie Hoard,7964222
468,57.0,66.0,25.0,6.0,3.0,1.0,2.0,10.0,1.0,53.0,58.0,88.0,beginner_backend,Lisa Rojas,98353847
469,62.0,65.0,61.0,4.0,5.0,2.0,3.0,2.0,4.0,67.0,67.0,66.0,beginner_data_science,Cindy Shafer,56276547
470,37.0,70.0,14.0,5.0,2.0,6.0,5.0,7.0,6.0,46.0,62.0,73.0,advanced_data_science,Rafael Rutenberg,26326873
471,13.0,33.0,44.0,4.0,6.0,9.0,0.0,1.0,4.0,69.0,77.0,96.0,beginner_data_science,Patrick Ybanez,32766718
472,34.0,27.0,42.0,3.0,2.0,5.0,4.0,2.0,4.0,53.0,68.0,73.0,beginner_data_science,Jo Baugh,70961726
473,50.0,31.0,30.0,5.0,2.0,5.0,2.0,5.0,7.0,84.0,79.0,86.0,advanced_backend,Michael Clark,10333043
474,49.0,49.0,50.0,4.0,5.0,5.0,0.0,4.0,3.0,68.0,82.0,96.0,beginner_data_science,Jacqueline Cadwell,96562165
475,14.0,17.0,68.0,3.0,0.0,6.0,3.0,9.0,7.0,44.0,68.0,59.0,advanced_front_end,Ervin Dunlop,51810344
476,62.0,30.0,46.0,4.0,3.0,5.0,3.0,3.0,2.0,60.0,66.0,66.0,advanced_data_science,Ryan Thomas,54474209
477,69.0,41.0,29.0,7.0,1.0,7.0,2.0,1.0,4.0,58.0,69.0,100.0,advanced_data_science,Sandra Tufts,82559698
478,28.0,0.0,15.0,3.0,4.0,3.0,2.0,4.0,1.0,85.0,54.0,68.0,beginner_front_end,Joan Olson,84235049
479,23.0,43.0,25.0,3.0,2.0,0.0,4.0,6.0,5.0,70.0,69.0,88.0,beginner_backend,Cathy Robinson,46148112
480,20.0,15.0,0.0,1.0,2.0,1.0,6.0,6.0,3.0,65.0,45.0,69.0,beginner_data_science,Victor Corder,28224969
481,0.0,11.0,17.0,2.0,3.0,3.0,2.0,5.0,4.0,78.0,52.0,61.0,beginner_backend,Bradley Clay,67015124
482,62.0,45.0,34.0,5.0,5.0,4.0,3.0,8.0,2.0,53.0,62.0,57.0,advanced_data_science,Deanna Haupt,84491164
483,18.0,64.0,18.0,8.0,6.0,6.0,3.0,0.0,0.0,74.0,62.0,62.0,advanced_backend,Joaquin Mcilvaine,98281916
484,19.0,38.0,29.0,4.0,4.0,8.0,0.0,2.0,3.0,48.0,79.0,97.0,beginner_data_science,Sherry Aguila,87461390
485,4.0,50.0,27.0,4.0,4.0,6.0,6.0,0.0,3.0,78.0,82.0,69.0,advanced_backend,Brandy Elledge,21433208
486,23.0,45.0,38.0,4.0,4.0,2.0,3.0,5.0,3.0,82.0,61.0,54.0,beginner_front_end,Lisa Noble,73814183
487,46.0,57.0,31.0,3.0,2.0,1.0,5.0,4.0,3.0,62.0,65.0,62.0,beginner_backend,Charles Craft,97880765
488,43.0,72.0,20.0,2.0,4.0,5.0,3.0,3.0,4.0,72.0,69.0,56.0,beginner_backend,Edith Sullivan,56436909
489,18.0,55.0,47.0,2.0,2.0,2.0,6.0,1.0,3.0,77.0,83.0,85.0,advanced_backend,Martha Norman,77529643
490,45.0,54.0,0.0,5.0,1.0,7.0,2.0,11.0,4.0,48.0,63.0,47.0,advanced_data_science,Clara Harrison,75513673
491,62.0,45.0,8.0,3.0,1.0,2.0,10.0,1.0,7.0,77.0,69.0,57.0,advanced_backend,Judy Davis,55563756
492,53.0,29.0,50.0,3.0,4.0,0.0,3.0,3.0,3.0,61.0,52.0,51.0,beginner_front_end,Jean Stratton,43508827
493,49.0,21.0,0.0,8.0,3.0,4.0,0.0,6.0,1.0,63.0,58.0,60.0,advanced_data_science,David Markley,10848480
494,66.0,70.0,31.0,6.0,1.0,0.0,4.0,5.0,3.0,64.0,72.0,79.0,beginner_backend,Nathaniel Noya,7978112
495,0.0,56.0,11.0,2.0,1.0,8.0,5.0,2.0,6.0,80.0,93.0,35.0,advanced_backend,Eileen Finley,1147648
496,50.0,53.0,5.0,4.0,1.0,4.0,8.0,4.0,4.0,59.0,59.0,50.0,advanced_backend,Cedric Buss,33729943
497,35.0,35.0,63.0,3.0,0.0,0.0,5.0,3.0,5.0,35.0,54.0,59.0,beginner_data_science,James Ray,62724217
498,42.0,4.0,58.0,6.0,6.0,5.0,7.0,7.0,5.0,78.0,59.0,79.0,beginner_front_end,Lauren Vega,71562358
499,6.0,47.0,39.0,5.0,2.0,8.0,5.0,4.0,9.0,88.0,83.0,61.0,advanced_backend,Joshua Brown,48754463
